list_name,name,label
individual,A17,Addison Kennedy
individual,AZ4,Alex Kennedy
individual,BJ7,Avery Byrne
individual,C4Q,Bailey Sullivan
individual,DG4,Cameron Blair
individual,EB9,Casey Donovan
individual,F4H,Devin Reagan
individual,GTD,Emery McKenna
individual,H5X,Finley Devlin
individual,HJ6,Harper Daniels
individual,HJL,Jamie Leighton
individual,K2B,Jayden Summers
individual,K2F,Jesse Kilroy
individual,K87,Jordan Sinclair
individual,M1W,Leslie Morgan
individual,NB4,Madison O'Neil
individual,NRQ,Morgan Reagan
individual,P0V,Morgan Sheridan
individual,PYQ,Quinn Connolly
individual,QAZ,Reese Flannery
individual,T23,Riley Finley
individual,T6U,Robin Fallon
individual,VB6,Sidney Combs
individual,XCV,Skyler Flynn
individual,ZAS,Taylor O'Malley
